,0,1,2,3,4,5,6,7,8,9,10,11,12,13,14,15,16,17,18,19,20,21,22,23,24,25,26,27,28,29,30,31,32,33,34,35,36,37,38,39,40,41,42,43,44,45,46,47,48,49,50,51,52,53,54,55,56,57,58,59,60,61,62,63,64,65,66,67,68,69,70,71,72,73,74,75,76,77,78,79,80,81,82,83,84,85,86,87,88,89,90,91,92,93,94,95,96,97,98,99,100,101,102,103,104,105,106,107,108,109,110,111,112,113,114,115,116,117,118,119,120,121,122,123,124,125,126,127,128,129,130
0,MartinHafer's Review of Casablanca - IMDb, - Noun Phrases : ,casablanca,insightful reviews,cinematic masterpiece,'s worth,humphrey bogart,wonderful films,rick,sure,african queen,the caine mutiny,casablanca,casablanca,perfect film,imdb,ca n't,the shawshank redemption,the dark knight,bad films,casablanca.aside,bogart,michael curtiz,great stock,warner,character actors,sydney greenstreet,peter lorre,cuddles sakall,conrad veidt,perfect scary,nazi,claude rains,usual wonderful self,ingrid bergman,paul henreid,great actor,immense talent,amazing,top script,warner,top film,fine romance,fine film,,,,,,,,,,,,,,,,,,,,,,,,,,,,,,,,,,,,,,,,,,,,,,,,,,,,,,,,,,,,,,,,,,,,,,,,,,,,,,,,,,,,,,,
1,Tweekums's Review of Casablanca - IMDb, - Noun Phrases : ,'ll recognise,humphrey bogart,rick blaine,casablanca,ugarte,vichy,french police,ugarte,victor laszlo,czech,nazi,europe,portugal,laszlo,'s wife,ilsa,rick,paris,rick,victor,ilsa,victor,ilsa,victor,casablanca,ilsa,bogart,great performance,ingrid bergman,ilsa,real chemistry,bogart,claude rains,french policeman,'s loyalty,paul henreid,victor laszlo,faultless too.it,great romances,war film,subtle comedy moments,film 's age,,,,,,,,,,,,,,,,,,,,,,,,,,,,,,,,,,,,,,,,,,,,,,,,,,,,,,,,,,,,,,,,,,,,,,,,,,,,,,,,,,,,,,,
2,ma-cortes's Review of Casablanca - IMDb, - Noun Phrases : ,casablanca,famous movies,run-of-the-mill studio production,landmark cinema,humphrey bogart,'s forty,studio contract player,whole string,warner,'s classics,jack warner,rick,'s role,george raft,b. wallis,bogart,important character,mobster roles,afterwards romantic protagonists,tough main lead,romantic film,cinema history,rick,ilsa,final farewell,television programmes .casablanca,francis ford coppola,sam¨,herbert ross,immortal images,memorable quotes,bogart,bergman,¨here 's,film originates unforgotten characters,wilson,piano player,ingrid bergman,sam¨,bergman,arthur edeson,orry kelly,designer costume,bergman,'s luminous beauty,fabulous plethora,claude rains,paul henreid,conrad veidt,peter lorre,s.z.sakal,madeleine lebeau,john qualen,dooley wilson,large number,famous scene,marseillaise,german song,watch,rhine,real tears,actual refugees,jews,nazi,germany,europe,motion picture,sensitive score,max steiner,michael curtiz,well,classic cinema lovers,,,,,,,,,,,,,,,,,,,,,,,,,,,,,,,,,,,,,,,,,,,,,,,,,,,,,,,,,
3,moonspinner55's Review of Casablanca - IMDb, - Noun Phrases : ,humphrey bogart,preeminent role,tough nightclub owner,rick blaine,algiers,refugee ex-girlfriend,ingrid bergman,new husband,nazis,bogart,white tuxedo jacket,welcome sight,bergman,michael curtiz,curtiz,classic sequences,rick,beautiful friendship,ilsa,'s emotional devotion sworn,beautiful,arthur edeson,max steiner,'s score,herman hupfeld,goes,* * *,* * * *,,,,,,,,,,,,,,,,,,,,,,,,,,,,,,,,,,,,,,,,,,,,,,,,,,,,,,,,,,,,,,,,,,,,,,,,,,,,,,,,,,,,,,,,,,,,,,,,,,,,,
4,TheLittleSongbird's Review of Casablanca - IMDb, - Noun Phrases : ,casablanca,extraordinary film,n't care,old film,max steiner,goes,national anthem,shawshank redemption,great memorable lines,destiny,humphrey bogart,cinema 's,lead performances,cynical sentimentalist,rick blain,ingrid bergman,ilsa,young woman,paul henreid,fugitive husband,claude rains,renault,overall,academy award,bethany cox,,,,,,,,,,,,,,,,,,,,,,,,,,,,,,,,,,,,,,,,,,,,,,,,,,,,,,,,,,,,,,,,,,,,,,,,,,,,,,,,,,,,,,,,,,,,,,,,,,,,,,,,
5,bkoganbing's Review of Casablanca - IMDb, - Noun Phrases : ,hollywood,george raft,humphrey bogart,sierra,maltese falcon,casablanca,raft,good sense,casablanca.check,background,warner,george raft,peter lorre,sydney greenstreet,raft,casablanca,routine action/adventure story,background,bogey,humphrey bogart,american soldiers,casablanca,right,rick,'s cafe,americain,casablanca,morocco,vicky,french government,whole lot,bogey,own code,ingrid bergman,paris,german occupation,paul henreid,anti-fascist leader.the rest,bogey,'s soul,torn,own anti-fascist beliefs,certain practical necessities,hostile environment,casablanca,great film,ingrid bergman,lovely incandescence,bogey,'s cynical screen persona,indelible characterizations,peter lorre,sydney greenstreet,claude rains,conrad veidt,whole rest,cast film,great ballad,casablanca,'s theme song.i,goes,george white scandals,broadway,rudy vallee,casablanca,musicians,record companies,new records,rca victor,vallee,'s record,casablanca,white house,personal interest,fdr,churchill,wartime conferences,casablanca,jack warner,classic scenes,casablanca,germans,rick,'s place,paul henreid,orchestra leader,marsellaise,bogey,orchestra plays,henreid,rains,actor,supporting actor,casablanca,minor roles,curt bois,john qualen,fellow resistance leader,s.z,sakall,rick,ensemble cast,casablanca,picture,michael curtiz.casablanca,generations unto infinity,,,,,,,,,,,,,,,,,,,,,,,
6,Michael_Elliott's Review of Casablanca - IMDb, - Noun Phrases : ,casablanca,* * * *,michael curtiz,war-torn city,humphrey bogart,ingrid bergman,hollywood,personal level,treasure,sierra madre,bogart,bogart,sure,tough guy,flashback sequence shows,claude rains,bergman,weakest character,rains,peter lorre,paul henreid,conrad veidt,sydney greenstreet,dooley wilson,,,,,,,,,,,,,,,,,,,,,,,,,,,,,,,,,,,,,,,,,,,,,,,,,,,,,,,,,,,,,,,,,,,,,,,,,,,,,,,,,,,,,,,,,,,,,,,,,,,,,,,,,
7,SnoopyStyle's Review of Casablanca - IMDb, - Noun Phrases : ,casablanca,desperate place,wwii,refugees,nazis,back route,casablanca,lisbon,free world,french colony,double dealers,freedom fighters,rick blaine,humphrey bogart,popular nightspot,rick,louis renault,claude rains,local police,underground leader,victor laszlo,germans,ugarte,peter lorre,sweaty people-smuggler,german couriers,valuable letters,rick,rick,'s surprise,lazslo,old flame,ilsa lund,ingrid bergman,.it 's,bogie,rick,movie icons,movie world,right time,propaganda film,perfect time,standard bearer,movie romanticism,romeo,juliet,paul henreid,'s stiffness,laszlo,big cliché,iconic status,,,,,,,,,,,,,,,,,,,,,,,,,,,,,,,,,,,,,,,,,,,,,,,,,,,,,,,,,,,,,,,,,,,,,,,,,,,,,,
8,Hitchcoc's Review of Casablanca - IMDb, - Noun Phrases : ,countless responders,film criticism,someone,modern film audiences,contemporary films,granted,bad films,great ones,special effects,films need,special effects,real stars,bogie,bergmann,todays,star system,glamorous actors,hackman,eastwood,bergmann,casablanca,french national anthem,cabaret,nazis,belongs,,,,,,,,,,,,,,,,,,,,,,,,,,,,,,,,,,,,,,,,,,,,,,,,,,,,,,,,,,,,,,,,,,,,,,,,,,,,,,,,,,,,,,,,,,,,,,,,,,,,,,,,
9,Kirpianuscus's Review of Casablanca - IMDb, - Noun Phrases : ,people 's links,profound analysis,war time,casablanca,new view,new gesture 's signification,special gate,,,,,,,,,,,,,,,,,,,,,,,,,,,,,,,,,,,,,,,,,,,,,,,,,,,,,,,,,,,,,,,,,,,,,,,,,,,,,,,,,,,,,,,,,,,,,,,,,,,,,,,,,,,,,,,,,,,,,,,,,,
10,Horst_In_Translation's Review of Casablanca - IMDb, - Noun Phrases : ,casablanca,american black-and-white film,michael curtiz,oscar,big prize,picture,course world war,ii,huge issue,relevant movie,great movie,war movie,europe/africa,military action,holocaust,entire mess,lead actor,humphrey bogart,okay overall,oscar,ingrid bergman,bogart,romance story,right thing,solid moment,paris,real motivation,major feelings,hungarian,oscar,claude rains,oscar,surprising twist,bogart,'s character,great performance,equal sublime,good guy,bogart,'s character,bulgarian,roulette numbers,bad guys,conrad veidt,main antagonist,screen time,really,veidt,young age,great career,hollywood,german actor,peter lorre,spaniard,black hair,luckily,while afterwards,sydney greenstreet,oscar,impressive cast,rains,lebeau,bogart,'s character,bergman,great character,bogart,'s character acts,snowflakes,anyway,overall plot,individual scenes,huge amount,oh,good scene,ugarte/lorre,flashback scenes,paris,epic quotes,paris,black,bogart,'s character,pretty serious movie,lengthy sequence,bulgarian,good guy,bogart,'s character,annina,beautiful woman,bergman,'s character,casablanca,complete nonsense,oh,big spectacular music scene,german traditional music,french anthem,powerful moments,nazis,pretty interesting fashion,film 's soundtrack,oscar,max steiner,oscars,austrian,german-speaking,hitler,okay,watch overall,pretty decent time,great expectations,,,,,,,,,,,,,,,,
11,mark.waltz's Review of Casablanca - IMDb, - Noun Phrases : ,hollywood,movie making,standard propaganda war film,unforgettable blockbuster,york,oscar,mrs. miniver,wide release,l. a.,early 1943.the success,musical score,excellent technical team,angel over-the-shoulder,warner,michael curtiz,humphrey bogart,ingrid bergman.bogart,huge star,huge success,maltese falcon,bergman,successful films,legendary status,conrad veidt,nazi,sydney greenstreet,peter litre,claude rains,ambiguous description,moral conscience,veidt,paul henreid,'s character,bergman,bogart,bogart,chance,long term happiness,henreid.then,comic relief,s. z. sakall,soulful performance,dooley wilson,great support,bogart,great heart,wilson,actor nominee,goes,nazis,viewer stand,good guys,bad guys,film villains,,,,,,,,,,,,,,,,,,,,,,,,,,,,,,,,,,,,,,,,,,,,,,,,,,,,,,,,,,,,,,,,,,,,,,,,,,,
12,Prismark10's Review of Casablanca - IMDb, - Noun Phrases : ,story consultant,robert mckee,casablanca,perfect screenplay,day film,late 1980s,mckee,casablanca,british television,casablanca,rick,ilsa,meanings.mckee points,prison bars.it shows,soul mates,mundane scene,something.the weird thing,casablanca,casablanca,basic premise,sydney pollack,havana,actors right.i,enjoyment purposes,casablanca,covid,casablanca,exit visas,lisbon,america.as,usa,world war,rick blaine,humphrey bogart,american ex pat,american isolationism,piano player,sam,rick,people 's problems,conduct business,casablanca,europe,notorious,underground resistance leader,victor laszlo,ilsa lund,ingrid bergman,ilsa,rick,paris,local police chief captain,louis renault,claude rains,laszlo,renault,nazi,strasser.the,rick,ilsa,rick,cold heart,usa,world war.apart,shady characters,renault,corrupt police chief,wind blows,own side,bogart,maltese falcon,peter lorre,sydney greenstreet.the,major film studio,mckee,day course,casablanca,,,,,,,,,,,,,,,,,,,,,,,,,,,,,,,,,,,,,,,,,,,,,,,,,,,,
13,claudio_carvalho's Review of Casablanca - IMDb, - Noun Phrases : ,world war,ii,casablanca,america,influential people,idealistic rebel,rick blaine,humphrey bogart,rick,'s cafe,americain,famous nightclub,morocco,'s town,rick,cynical man,neutral political position,rick,good relationship,renault,claude rains,rick,'s casino,german messengers,valuable letters,nazi major strasser,conrad veidt,casablanca,czechoslovakian,european resistance,victor laszlo,paul henreid,germans,viktor,america,rick,'s acquaintance,ugarte,peter lorre,germans,victor,rick,'s cafe,ilsa lund,ingrid bergman,piano player,sam,dooley wilson,goes,rick,sam,ilsa,romantic moments,paris,ilsa,casablanca,beautiful movie,cinema history,casablanca,ingrid bergman,humphrey bogart,favorite actress,rick,ilsa,rick,'s sacrifice,casablanca,unforgettable masterpiece,romantic film,rick,'s cafe,french costumers,marseillaise,causes goose flesh,french,wonderful romance,magnificent screenplay,witty dialogs,perfect development,geopolitical situation,casablanca,dramatic environment,michael curtiz,white cinematography,casablanca,perfect movie,rick,ilsa,brazil,casablanca,,,,,,,,,,,,,,,,,,,,,,,,,,,,,,,,,,,,,,,
14,classicsoncall's Review of Casablanca - IMDb, - Noun Phrases : ,casablanca,favorite movie,perfect film,perfect characters,sam,.it 's,studio days,casablanca,warner,stage play,comes,rick,continuous rewrites,fortunately,gifted artists,'s way,max steiner,paris,flashback scenes,rick,ilsa,romance.now picture,original contenders,dennis morgan,victo laszlo,ann sheridan,ilsa lund,george raft,ronald reagan,rick blaine,warner,ingrid bergman,david selznick,olivia dehaviland,victor laszlo,warner,paul henreid,rko pictures,coming,screen collaboration,maltese falcon,humphrey bogart,rick,peter lorre,ugarte,sydney greenstreet,parrot,rounding,major film credits,conrad veidt,rick,'s world,nazi,general major,strasser,claude rains,prefect,reinault,rick,ilsa,paris,rick,reinault,casablanca.the,ultimate outcome,early film production,may,julius,philip epstein,humorous wit,boulevard,cleverly,strasser,film 's hero,ilsa,rick,.even world events,casablanca,originally,june,warner,war effort,africa,november,casablanca,thanksgiving,york,general release date,january,roosevelt,prime,churchill,casablanca,casablanca,humphrey bogart,'s reputation,ingrid bergman,popular star,successful careers,master work,casablanca,,,,,,,,,,,,,,,,,,,,,,,,,,,,
15,lee_eisenberg's Review of Casablanca - IMDb, - Noun Phrases : ,overall,casablanca,certain traits,american expatriate,rick blaine,humphrey bogart,americain,wwii-era casablanca,meeting ex-lover,ilsa,ingrid bergman,film 's strength,rick,alone,ilsa,sam,dooley wilson,rick,ilsa,'s life,paul henreid,ilsa,'s husband,victor laszlo,nazis,capt,renault,claude rains,conrad veidt,peter lorre,sydney greenstreet,great characters,casablanca,,,,,,,,,,,,,,,,,,,,,,,,,,,,,,,,,,,,,,,,,,,,,,,,,,,,,,,,,,,,,,,,,,,,,,,,,,,,,,,,,,,,,,,,,,,,,,,,
16,gavin6942's Review of Casablanca - IMDb, - Noun Phrases : ,casablanca,morocco,world war,ii,rock,think,mos eisley cantina,rick,humphrey bogart.it,humphrey bogart,times ...,sixty-odd years,clear period piece,wwii,war film,surely,legendary status,casablanca,opening scene,film history,casablanca,modern film,,,,,,,,,,,,,,,,,,,,,,,,,,,,,,,,,,,,,,,,,,,,,,,,,,,,,,,,,,,,,,,,,,,,,,,,,,,,,,,,,,,,,,,,,,,,,,,,,,,,,,,,,,,
17,jboothmillard's Review of Casablanca - IMDb, - Noun Phrases : ,movies,die,oscar,michael curtiz,robin,mildred pierce,basically,world war,ii,europeans,america,germans,casablanca,morocco,hot spot,rick,cafem,american exile,rick blaine,oscar,humphrey bogart,past lover,ilsa lund,ingrib bergman,ilsa,paris,ugarte,peter lorre,important transit letters,nazi,officer major,strasser,conrad veidt,police captain,renault,claude rains,nazi,czech,underground leader,victor laszlo,paul henreid,husband 's life,rick,ilsa,right people,rick,new friend,sydney greenstreet,signor ferrari,s.z,sakall,carl,madeleine lebeau,yvonne,dooley wilson,sam,bogart,bergman,memorable catchphrases,bad film,classic wartime romantic drama,oscars,writing,screenplay,picture,cinematography,film editing,max steiner,years,quotes,gin joints,paris,sam,'as time,goes,louis,beautiful friendship,goes,years,songs,ingrid bergman,humpherey bogart,greatest movie,bogart,years,men,bergman,years,rick blaine,years,heroes,villains,goes,years,songs,greatest tearjerkers,years,thrills,greatest,films,years,passions,years,cheers,years,movies,greatest films,,,,,,,,,,,,,,,,,,,,,,
18,rmax304823's Review of Casablanca - IMDb, - Noun Phrases : ,loner humphrey bogart,shady saloon,french morocco,nazis,french puppet government,claude raines,bogart,gin joint,old girl friend,ingrid bergman,bergman,idealistic husband,resistance hero,concentration camp escapee,bogart,flashback reveals,paris,germans,premarital intercourse,bergman,bogart,rebuff leaves,rick,'s café,casablanca,bogart,unimpeachable passes,casablanca,bergman,hero husband,ca n't shoot,bogart,scene dissolves,scene fades,illicit interlude,good prevails,bogart,bergman,good.it 's,hollywood,great cast,bogart,bergman,cuddles sakal,claude raines,greenstreet,lorre,maltese falcon,paul henreid,john qualen,leonid kinsky,conrad veidt,fritz lang,caligari,high point,michael curtiz,'s career,seventy years.and,aesthetic apparatus,routine tale,nazis,european resistance,free,bogart,similar roles,cf.,key largo,quotes tag lines,crazy world,louie,beautiful friendship,paris,germans,free,germans,cannon fire,patriotic effort,warner,slapdash quality,bogart,magnetic attraction,irresistible film,tears roll,bergman,'s gorgeous,bogart,rainy train station,paris,colorful desert resorts,casablanca,bogart,claude raines,bogart,bergman,local goat herds,anything,,,,,,,,,,,,,,,,,,,,,,,,,,,,,,,,,
19,ccthemovieman-1's Review of Casablanca - IMDb, - Noun Phrases : ,serious consideration,n't top-notch,cinematography first-rate,interesting mix,music ...,film- making,casablanca,favorite film,dvd,bogart,ingrid bergman,claude raines,witty dialog,clever lines,bogart,'s character,wo n't,negative statement,bergman,bogart,well,marriage records,hollywood,anyway,great movie,classic scenes,bergman,soft lens shots,bogey,bogey,paul henreid,sydney greenstreet,peter lorre,fine actors,goes,dooley wilson,,,,,,,,,,,,,,,,,,,,,,,,,,,,,,,,,,,,,,,,,,,,,,,,,,,,,,,,,,,,,,,,,,,,,,,,,,,,,,,,,,,,,,,,,,,,,
20,tracywinters-44332's Review of It's a Wonderful Life - IMDb, - Noun Phrases : ,hate this movie.george bailey,entire future,home town,hates anyway.why,meanest man,mr. potter,george,george,goofy uncle transport $,george,'s screw-up,somebody,george.not,,,,,,,,,,,,,,,,,,,,,,,,,,,,,,,,,,,,,,,,,,,,,,,,,,,,,,,,,,,,,,,,,,,,,,,,,,,,,,,,,,,,,,,,,,,,,,,,,,,,,,,,,,,,,,,,,,,,
21,Norm-30's Review of It's a Wonderful Life - IMDb, - Noun Phrases : ,old films,call,ebeneezer scrooge,wonderful,the worst,such lousy reviews,then,bad film,bad stuff,much,forever,suicide attempt,n't dispel,clerk hits,stewart,still,good capra,arsenic,lace,lost horizon,ca n't,but,wonderful,lousy movie,,,,,,,,,,,,,,,,,,,,,,,,,,,,,,,,,,,,,,,,,,,,,,,,,,,,,,,,,,,,,,,,,,,,,,,,,,,,,,,,,,,,,,,,,,,,,,,,,,,,,,,,,
22,Qanqor's Review of It's a Wonderful Life - IMDb, - Noun Phrases : ,count,proud minority,old movies,jimmy stewart,whole lot,people rush,big problem,whole thing,* reject *,movie 's,main premise,moral premise,george bailey,* doormat *,non-profit business,willing doormat,life.i 'm,ca n't,,,,,,,,,,,,,,,,,,,,,,,,,,,,,,,,,,,,,,,,,,,,,,,,,,,,,,,,,,,,,,,,,,,,,,,,,,,,,,,,,,,,,,,,,,,,,,,,,,,,,,,,,,,,,,,
23,AleksandrBelenko's Review of It's a Wonderful Life - IMDb, - Noun Phrases : ,great holiday film,fairy tale mood,childhood part,serious piece,fairy tail,long ....,main character,good samaritan,movie,kind fellow,actual villain,fairy tale,cartoonish villain,fairy tail,film storyline,stupid movie,top list,list position,,,,,,,,,,,,,,,,,,,,,,,,,,,,,,,,,,,,,,,,,,,,,,,,,,,,,,,,,,,,,,,,,,,,,,,,,,,,,,,,,,,,,,,,,,,,,,,,,,,,,,,,,,,,,,,
24,llihilloh's Review of It's a Wonderful Life - IMDb, - Noun Phrases : ,'it 's,wonderful,pretty dull films,ca n't,entire world,is,opinion.the cast,james stewart,n't plan,'s fine,time progresses,donna reed,horrible actress,horrible picture,well,minor,role players,lionel barrymore,thomas mitchell,henry travers,'it 's,wonderful,okay,damn point,movie drags,george bailey,clarence,film tries,'it 's,wonderful,not,christmas,well,christmas,'it 's,wonderful,terrible movie,top,'s favorites list,picture,actor,frank capra,avoid,,,,,,,,,,,,,,,,,,,,,,,,,,,,,,,,,,,,,,,,,,,,,,,,,,,,,,,,,,,,,,,,,,,,,,,,,,,,,,,,,,,,,,
25,CineCritic2517's Review of It's a Wonderful Life - IMDb, - Noun Phrases : ,stewart,george bailey,sort things,hilariously,contemporary films,married,stagy,'s patience,silly what-ifs,technical achievement,lacks credibility,grandma,gramps,saccharine monstrosity,,,,,,,,,,,,,,,,,,,,,,,,,,,,,,,,,,,,,,,,,,,,,,,,,,,,,,,,,,,,,,,,,,,,,,,,,,,,,,,,,,,,,,,,,,,,,,,,,,,,,,,,,,,,,,,,,,,
26,winner55's Review of It's a Wonderful Life - IMDb, - Noun Phrases : ,capra,'s films,vile floods,james stewart,over-wrought performance,high-school student,camera work,story.the story,banal rip-off,christmas carol,stewart,'s character,'alternate universe,'alternate universe,sense whatsoever,revelatory alternate character development,final submission,raw cynicism,amereicans,,,,,,,,,,,,,,,,,,,,,,,,,,,,,,,,,,,,,,,,,,,,,,,,,,,,,,,,,,,,,,,,,,,,,,,,,,,,,,,,,,,,,,,,,,,,,,,,,,,,,,,,,,,,,,
27,TheLittleSongbird's Review of It's a Wonderful Life - IMDb, - Noun Phrases : ,wonderful,scrooge,miracle,34th street,alones,christmas,looking,wonderful,good movie,good movie,timeless masterpiece,magic.it 's,wonderful,poignant film,funny parts,bursting-your-gut funny,subtle sort,frank capra,capra,casablanca,shawshank redemption,wonderful scripts,community spirit,feel-good sentimentality,n't overpower,wonderful,christmas,christmas,christmas,christmas,christmas,dmitri tiomkin,'s music,integral parts,strong message,suicidal man,guardian angel,james stewart,george bailey,complex character,george bailey,mr deeds,john doe,mr smith,james stewart,essential decency,alistair sim,scrooge,scrooge,donna reed,thomas mitchell,memorable performances,uncle billy,henry travers,clarence,guardian angel,good morality tale,good villain,well,potter,who,lionel barrymore,overall,perfect scores,bethany cox,,,,,,,,,,,,,,,,,,,,,,,,,,,,,,,,,,,,,,,,,,,,,,,,,,,,,,,,,,,,,,,,
28,MartinHafer's Review of It's a Wonderful Life - IMDb, - Noun Phrases : ,good movie,period,actual quality,not,typical overblown,hollywood,frank capra,legendary status,two,public domain video,no royalties required for showing it,and,movie 's conclusion,holiday season,blitz,american public,late 90s,copyright status,dark days,wonderful,dozen channels,great,good film,,,,,,,,,,,,,,,,,,,,,,,,,,,,,,,,,,,,,,,,,,,,,,,,,,,,,,,,,,,,,,,,,,,,,,,,,,,,,,,,,,,,,,,,,,,,,,,,,,,,,,,,,,
29,johnno-17's Review of It's a Wonderful Life - IMDb, - Noun Phrases : ,male stars,hollywood,james stewart,impressive pose,melodramatic version,jerry lewis.his,way-over-the-top performance,wonderful,lard atop,mcdonalds,burger roll.but,capra,depression,dreadful lie,small towns,family 's,wonderful baloney,lettuce.it 's,american 's,christmas,christmas,stewart,'s character,real reasons,capra,,,,,,,,,,,,,,,,,,,,,,,,,,,,,,,,,,,,,,,,,,,,,,,,,,,,,,,,,,,,,,,,,,,,,,,,,,,,,,,,,,,,,,,,,,,,,,,,,,,,,,,,
30,MartinHafer's Review of Top Hat - IMDb, - Noun Phrases : ,fred astaire,ginger rogers,initial meeting,crazy mix-up,ginger,fred,edward everett horton,very,do n't,eric blore,helen broderick,edward everett horton,believe,irving berlin,gershwins,cole porter,astaire-rogers,ginger,cranky lady,fred,incredible style,gay divorcée,astaire,rogers,great songs,dance numbers,astaire,rogers,is,,,,,,,,,,,,,,,,,,,,,,,,,,,,,,,,,,,,,,,,,,,,,,,,,,,,,,,,,,,,,,,,,,,,,,,,,,,,,,,,,,,,,,,,,,,,,,,,,,,,
31,TheLittleSongbird's Review of Top Hat - IMDb, - Noun Phrases : ,fred astaire,ginger rogers,top,wonderful film,top,fred,ginger,n't matter,fantastical fun element,art-décor settings,ginger rogers,handsome photography,irving berlin,'s score,30s-50s film,witty lyrics,charming melodies,distinctive style,top,tie,tails,catchy title number,fred astaire,lovely day,berlin,beautiful songs,cheek,cheek,fred,ginger,piccolino,ginger,wow factor,lively choreography,fred,ginger,hansom-cab scene,beddini,jerry,fred,ginger,'s dance partnership,individual performances,astaire,cast sparkle,erik rhodes,whole film,fred,ginger,bethany cox,,,,,,,,,,,,,,,,,,,,,,,,,,,,,,,,,,,,,,,,,,,,,,,,,,,,,,,,,,,,,,,,,,,,,,,,,,,,,,,
32,bkoganbing's Review of Top Hat - IMDb, - Noun Phrases : ,top,irving berlin,top,berlin,'s return,hollywood,new appreciation,business end,motion picture industry.berlin,room floor,reaching,moon,top,berlin,total control,non-berlin note,broadway,copyright control,class businessman,fred astaire,ginger rogers,rko,warner,mgm,quality musicals,fred astaire,great dancer,piccolino,ginger,busby berkeley,warner,berlin,outstanding songs,top,piccolino,strings,lovely day,be caught,rain,cheek,cheek,berlin,popular songs,astaires,best,oscar,lullaby,broadway.my,favorite number,lovely day,be caught,rain,fred,ginger,informal number,whole lot,astaire-rogers,gay divorcée,edward everett horton,edward blore,erik rhodes,helen broderick,previous film.so,top,,,,,,,,,,,,,,,,,,,,,,,,,,,,,,,,,,,,,,,,,,,,,,,,,,,,,,,,,,,,,,,,,
33,SnoopyStyle's Review of Top Hat - IMDb, - Noun Phrases : ,american performer,jerry travers,fred astaire,london,lovable producer,horace hardwick,jerry,hotel room,dale tremont,ginger rogers,jerry,horace,madge,hardwicks,venice,italian,alberto beddini.this,fred,ginger,irving berlin,ca n't,simple comedy,'s fun,dance numbers,big ones,fred,ginger,nice example,good ole song,,,,,,,,,,,,,,,,,,,,,,,,,,,,,,,,,,,,,,,,,,,,,,,,,,,,,,,,,,,,,,,,,,,,,,,,,,,,,,,,,,,,,,,,,,,,,,,,,,,,
34,Hitchcoc's Review of Top Hat - IMDb, - Noun Phrases : ,buoyed,irving berlin,astaire,rogers,'s intentions,n't matter,rogers,own path,synchronous moves,fred astaire,good voice,popular music,,,,,,,,,,,,,,,,,,,,,,,,,,,,,,,,,,,,,,,,,,,,,,,,,,,,,,,,,,,,,,,,,,,,,,,,,,,,,,,,,,,,,,,,,,,,,,,,,,,,,,,,,,,,,,,,,,,,,
35,adamjohns-42575's Review of Top Hat - IMDb, - Noun Phrases : ,fred,ginge,outstanding choreography,dance numbers,cheeky charm,mr astaire,ca n't ignore,holiday,fred,me.i 'm,,,,,,,,,,,,,,,,,,,,,,,,,,,,,,,,,,,,,,,,,,,,,,,,,,,,,,,,,,,,,,,,,,,,,,,,,,,,,,,,,,,,,,,,,,,,,,,,,,,,,,,,,,,,,,,,,,,,,,,
36,ccthemovieman-1's Review of Top Hat - IMDb, - Noun Phrases : ,good songs,fred astaire,standard storyline,mistaken identity,ginger rogers,helen broderick,rogers,astaire,stories ...... yeech,edward edward horton,millionth time,overall,astaire-rogers,,,,,,,,,,,,,,,,,,,,,,,,,,,,,,,,,,,,,,,,,,,,,,,,,,,,,,,,,,,,,,,,,,,,,,,,,,,,,,,,,,,,,,,,,,,,,,,,,,,,,,,,,,,,,,,,,,,,
37,moonspinner55's Review of Top Hat - IMDb, - Noun Phrases : ,stage producer,london,american song-and-dance man,husband 's,american girl,society circles,show producer,wedding ring,wafty fred astaire-ginger rogers,dwight taylor,allan scott,'s idiotic script,juvenile behavior,astaire,rogers,'meet cute,hotel suite,audiences,n't care,seen,central characters,'s arms,n't cure,glamorous twosome,london,venice,fred,ginger,have-nots ... ones,n't mind,dumbed-down plot,musical moments,* *,* * * *,,,,,,,,,,,,,,,,,,,,,,,,,,,,,,,,,,,,,,,,,,,,,,,,,,,,,,,,,,,,,,,,,,,,,,,,,,,,,,,,,,,,,,,,,,,,,,,
38,Celeste_1977's Review of Top Hat - IMDb, - Noun Phrases : ,gay divorcee,fred astaire,giner rogers,especially,dance regardless,,,,,,,,,,,,,,,,,,,,,,,,,,,,,,,,,,,,,,,,,,,,,,,,,,,,,,,,,,,,,,,,,,,,,,,,,,,,,,,,,,,,,,,,,,,,,,,,,,,,,,,,,,,,,,,,,,,,,,,,,,,,
39,studios-341-70152's Review of Top Hat - IMDb, - Noun Phrases : ,fred astairs,martini,fred astair,glass ..,fred astair,¨silence¨ gentlemen room,london,fred astair/martini,hotel scene,impressive tap,'s sounds flow,¨3 stooges¨ plot,different rooms,dry,bottle till,fred astair,movie ...,ridiculousy repetitive,boring-to-eye colour,greek style,london,venice,manifacture ...,silly repetitive,scene,great techniques,beautiful music arrangements,separate film cuts,cinema pre-view entertainment,horace,weird relationship,greek decorations,pre-fab plot,long sketch,fred astaris,ginger rogers,theatrical talents,real movie,,,,,,,,,,,,,,,,,,,,,,,,,,,,,,,,,,,,,,,,,,,,,,,,,,,,,,,,,,,,,,,,,,,,,,,,,,,,,,,,,,,,,,,,,,,
40,MartinHafer's Review of Young Frankenstein - IMDb, - Noun Phrases : ,mel brooks,woody allen,plain funny,allen,brooks,past fans.young,frankenstein,brooks,the producers,n't mind,young frankenstein,well,gene wilder,marty feldman,cloris leachman,frau blücher,the producers,brooks,white look,wonderful homage,universal,blazing saddles,brooks,saddles,wonderful moments,stupid mess,jerry lewis,homeless people,ca n't work,,,,,,,,,,,,,,,,,,,,,,,,,,,,,,,,,,,,,,,,,,,,,,,,,,,,,,,,,,,,,,,,,,,,,,,,,,,,,,,,,,,,,,,,,,,,,,,,,,,,
41,TheLittleSongbird's Review of Young Frankenstein - IMDb, - Noun Phrases : ,mel brooks,frankenstein,absolute favourites,ingenious send-up,universal horror clichés,frankenstein,mel brooks,frankenstein,puttin,ritz,musical number,brain depository,igor,facial expression,song kills,old dad speech,hermit setting,monster 's thumb,gene wilder,infamous baron 's grandson,peter boyle,madeline kahn,'s bride,gene hackman,blind hermit,marty feldman,igor,overall,bethany cox,,,,,,,,,,,,,,,,,,,,,,,,,,,,,,,,,,,,,,,,,,,,,,,,,,,,,,,,,,,,,,,,,,,,,,,,,,,,,,,,,,,,,,,,,,,,,,,,,,,,
42,bkoganbing's Review of Young Frankenstein - IMDb, - Noun Phrases : ,mel brooks,comic genius,horror film genre,universal,horror characters,baron von frankenstein,frankenstein,monster saga,20th century,frankenstein,current scientist,well,frankenstein,gene wilder,mad scientist,current 20th century version,misunderstood family,fascinating,peter boyle,old films,physical science,wilder,sex life,frankenstein,cloris leachman,certain attributes,boyle,wilder,'s problems.funniest scene,wilder,human type tricks,puttin,ritz,dance duo,wilder,boyle,mel brooks,kong,mars,marvelous imitation,lionel atwill,frankenstein,nazi,producers,listen,marty feldman,ygor,eyegor,teri garr,good moments,wilder,'s valley,girl,type assistant,inga,gene hackman,blind,zany humor,mel brooks,frankenstein,,,,,,,,,,,,,,,,,,,,,,,,,,,,,,,,,,,,,,,,,,,,,,,,,,,,,,,,,,,,,,,,,,,,,
43,Leofwine_draca's Review of Young Frankenstein - IMDb, - Noun Phrases : ,young frankenstein,mel brooks,horror spoof,modern light,set design,real tribute,mel brooks,'s direction,gene wilder,mad scientist,strange odyssey.the,funny moments,bit overlong,spaceballs,young frankenstein,bad film,marty feldman,igor,peter boyle,memorable monster,gene hackman,blind hermit,strong reputation,,,,,,,,,,,,,,,,,,,,,,,,,,,,,,,,,,,,,,,,,,,,,,,,,,,,,,,,,,,,,,,,,,,,,,,,,,,,,,,,,,,,,,,,,,,,,,,,,,,,,,,,,,
44,SnoopyStyle's Review of Young Frankenstein - IMDb, - Noun Phrases : ,frankenstein,gene wilder,infamous grandfather,igor,marty feldman,inga,teri garr,old housekeeper,frau blücher,cloris leachman,grandfather 's work,old experiments,peter boyle,mel brooks,b-movie,hilarious bits,teri garr,mel brooks,puttin,ritz,,,,,,,,,,,,,,,,,,,,,,,,,,,,,,,,,,,,,,,,,,,,,,,,,,,,,,,,,,,,,,,,,,,,,,,,,,,,,,,,,,,,,,,,,,,,,,,,,,,,,,,,,,,,,
45,Hitchcoc's Review of Young Frankenstein - IMDb, - Noun Phrases : ,ca n't,mel,brook 's,producers,frankenstein,frederick,precursor 's milieu,granted,n't work,frederick,igor,dinner table,old blind man,gene hackman,scientific community,puttin,ritz,frau blucher,terri garr,german accent,moochel,feldman,abby normal,blazing saddles,mel brooks,wonderful originals,,,,,,,,,,,,,,,,,,,,,,,,,,,,,,,,,,,,,,,,,,,,,,,,,,,,,,,,,,,,,,,,,,,,,,,,,,,,,,,,,,,,,,,,,,,,,,,,,,,,,,,
46,Jack the Ripper1888's Review of Young Frankenstein - IMDb, - Noun Phrases : ,non-stop laugh fest,scary movie,frankenstein,mel brooks,mel brooks,good parts,serious parts,serious movie,gene wilder,young frankenstein,,,,,,,,,,,,,,,,,,,,,,,,,,,,,,,,,,,,,,,,,,,,,,,,,,,,,,,,,,,,,,,,,,,,,,,,,,,,,,,,,,,,,,,,,,,,,,,,,,,,,,,,,,,,,,,,,,,,,,,
47,kenandraf's Review of Young Frankenstein - IMDb, - Noun Phrases : ,surprisingly,spoof comedy,fair,movie struggles,frankenstein,horror movie fans,comedy genre,comedy version treats,classic horror film,gene hackman,old blind man,hilarious scenes,movie history,stooges,cliche comedy.the cinematography,'s style,high heaven,lawrence of arabia,high praisers,terri garr,obvious beauty.if,masterpiece horror/comedy,the re-animator.for,mel brooks,blazing saddles,'s praises ......,,,,,,,,,,,,,,,,,,,,,,,,,,,,,,,,,,,,,,,,,,,,,,,,,,,,,,,,,,,,,,,,,,,,,,,,,,,,,,,,,,,,,,,,,,,,,,,,,,,,,,,
48,igiana's Review of Young Frankenstein - IMDb, - Noun Phrases : ,dvd,rave reviews,comedy fans,film i,utter crap,script pathetic,funny thing,marty feldmans,great reviews,complete waste,simply,,,,,,,,,,,,,,,,,,,,,,,,,,,,,,,,,,,,,,,,,,,,,,,,,,,,,,,,,,,,,,,,,,,,,,,,,,,,,,,,,,,,,,,,,,,,,,,,,,,,,,,,,,,,,,,,,,,,,,
49,thestevemacbeth's Review of Young Frankenstein - IMDb, - Noun Phrases : ,producers,wooden production,totally,,,,,,,,,,,,,,,,,,,,,,,,,,,,,,,,,,,,,,,,,,,,,,,,,,,,,,,,,,,,,,,,,,,,,,,,,,,,,,,,,,,,,,,,,,,,,,,,,,,,,,,,,,,,,,,,,,,,,,,,,,,,,,
50,MartinHafer's Review of The Great Dictator - IMDb, - Noun Phrases : ,charlie chaplin,previous film,modern times,silent film,chaplin,film.the movie,stellar reputation,chaplin,full-length films,chaplin,'s dopey,adenoid hynkel,silly pseudo-dialog,lesser comedian,stooges,hitler,chaplin,jewish barber,funny character,tremendous voice,final speech,hynkel,watch,,,,,,,,,,,,,,,,,,,,,,,,,,,,,,,,,,,,,,,,,,,,,,,,,,,,,,,,,,,,,,,,,,,,,,,,,,,,,,,,,,,,,,,,,,,,,,,,,,,,,,,,,,
51,TheLittleSongbird's Review of The Great Dictator - IMDb, - Noun Phrases : ,rush,lights,personal favourite,charlie chaplin,great dictator,wonderful satire,anti-semitic nazi,hitler,great dictator,great dialogue,great moments,wonderful performances,paulette goddard,jack oakie,comedy genius,great dictator,great moments,scenes stand,hungarian,brahms,hynkel,'s solo ballet,final speech,universal tolerance,mawkish,bethany cox,,,,,,,,,,,,,,,,,,,,,,,,,,,,,,,,,,,,,,,,,,,,,,,,,,,,,,,,,,,,,,,,,,,,,,,,,,,,,,,,,,,,,,,,,,,,,,,,,,,,,,,
52,bkoganbing's Review of The Great Dictator - IMDb, - Noun Phrases : ,charlie chaplin,tramp character,silent screen,chaplin,memorable prose,universal brotherhood,nazi germany,dictator.in,chaplin,great dictator,nazi germany,hitler,final solution doctrine,systematic extermination,nazi germany,chaplin,world war,shoulder,world war,air ace,reginald gardiner,charlie,jewish quarter,native city.no,funny mustache bears,small resemblance,ptomania,adenoid hynkel,reginald gardiner,storm trooper commandant,jews,resemblance proves,gardiner,chaplin,'s salvation,chaplin,'s fantasy world,hynkel,chaplin,hitler,america,world war,ii,lesser propaganda efforts,hitler,bobby watson,chaplin,great dictator,hynkel,famous dream scene,big beach ball type balloon,chaplin,fetishistic manner,chaplin,tramp roots,brahm,number,dance,silent classics,chaplin,final speech,orson welles,paul muni,spencer tracy,long addresses,cinematic career,chaplin,tramp,profound things,great dictator,artists,charlie chaplin,oscar,picture,actor,chaplin,supporting actor,jack oakie,musical score,meredith willson,original screenplay,chaplin,curiously,charlie,casting jack oakie,spoof dictator,nappoloni,axis,mussolini,oakie,loudmouth blowhards,entire film career,nappoloni,bacteria,oakie,oakie,walter brennan,westerner,chaplin,jimmy stewart,philadelphia,chaplin,york film critic,'s award,actor,1940.others worthy,charlie,paulette goddard,barber 's,paulette,paulette levy,jew,henry daniell,garbitsch,charlie,martin kosleck,world war,ii,dead-on impersonation,joseph goebbels,air minister,herring,herman goerring,billy gilbert.in,terrorists appeal,great dictator,james madison,never,human spirit
53,Leofwine_draca's Review of The Great Dictator - IMDb, - Noun Phrases : ,the great dictator,charlie chaplin,adolf hitler,jews,nazi,hitler,chaplin,chaplin,,,,,,,,,,,,,,,,,,,,,,,,,,,,,,,,,,,,,,,,,,,,,,,,,,,,,,,,,,,,,,,,,,,,,,,,,,,,,,,,,,,,,,,,,,,,,,,,,,,,,,,,,,,,,,,,,,,,,,,,,
54,Michael_Elliott's Review of The Great Dictator - IMDb, - Noun Phrases : ,great dictator,* * * *,poor jewish barber,charles chaplin,soldiers,jews,tomania,hynkel,chaplin,great dictator,chaplin,chaplin,actual horrors,city lights,modern times,great moments,classic scene,opening sequence,wwi,comic masterpiece,wonderful gags,plane.some people,hitler,right place,chaplin,young woman,paulette goddard,classic scene,entire cast,wonderful job,henry daniell,reginald gardiner,billy gilbert,goddard,goddard,terrific job,chaplin,terrific job,hynkel,hitler,uncanny resemblance,chaplin,great dictator,effective film,,,,,,,,,,,,,,,,,,,,,,,,,,,,,,,,,,,,,,,,,,,,,,,,,,,,,,,,,,,,,,,,,,,,,,,,,,,,,,,,,,,,,
55,leplatypus's Review of The Great Dictator - IMDb, - Noun Phrases : ,sure,political work,unfunny jokes,heavy pantomimes,silly grimaces,charlot,maus,,,,,,,,,,,,,,,,,,,,,,,,,,,,,,,,,,,,,,,,,,,,,,,,,,,,,,,,,,,,,,,,,,,,,,,,,,,,,,,,,,,,,,,,,,,,,,,,,,,,,,,,,,,,,,,,,,,,,,,,,,
56,abenr's Review of The Great Dictator - IMDb, - Noun Phrases : ,chaplin,hitler,,,,,,,,,,,,,,,,,,,,,,,,,,,,,,,,,,,,,,,,,,,,,,,,,,,,,,,,,,,,,,,,,,,,,,,,,,,,,,,,,,,,,,,,,,,,,,,,,,,,,,,,,,,,,,,,,,,,,,,,,,,,,,,
57,arwkoppen's Review of The Great Dictator - IMDb, - Noun Phrases : ,great movie,good thing,jewish barber,,,,,,,,,,,,,,,,,,,,,,,,,,,,,,,,,,,,,,,,,,,,,,,,,,,,,,,,,,,,,,,,,,,,,,,,,,,,,,,,,,,,,,,,,,,,,,,,,,,,,,,,,,,,,,,,,,,,,,,,,,,,,,
58,Kdosda_Hegen's Review of The Great Dictator - IMDb, - Noun Phrases : ,parodies nazis,unfunniest ways,basic morals,simplistic story,,,,,,,,,,,,,,,,,,,,,,,,,,,,,,,,,,,,,,,,,,,,,,,,,,,,,,,,,,,,,,,,,,,,,,,,,,,,,,,,,,,,,,,,,,,,,,,,,,,,,,,,,,,,,,,,,,,,,,,,,,,,,
59,followerofali's Review of The Great Dictator - IMDb, - Noun Phrases : ,rush,lights,personal favourite,charlie chaplin,great dictator,wonderful satire,anti-semitic nazi,hitler,,,,,,,,,,,,,,,,,,,,,,,,,,,,,,,,,,,,,,,,,,,,,,,,,,,,,,,,,,,,,,,,,,,,,,,,,,,,,,,,,,,,,,,,,,,,,,,,,,,,,,,,,,,,,,,,,,,,,,,,,
60,tom-durham's Review of The Great Dictator - IMDb, - Noun Phrases : ,charlie chaplain,silent films,slapstick humour,silent film.near,~5-10 minute,long 'joke,german-english,german-english,small amount,classic charlie chaplain slapstick,charlie chaplain,comedic elements,,,,,,,,,,,,,,,,,,,,,,,,,,,,,,,,,,,,,,,,,,,,,,,,,,,,,,,,,,,,,,,,,,,,,,,,,,,,,,,,,,,,,,,,,,,,,,,,,,,,,,,,,,,,,,,,,,,,,
61,TheLittleSongbird's Review of Psycho - IMDb, - Noun Phrases : ,huge fan,hitchcock,vertigo,rear window,rebecca,vertigo,psycho,vertigo.psycho,infamous shower scene,murder scenes,greatest,films,similar experience,disney,maleficent,aurora,gulch,wicked witch,wizard,oz.the,shower scene,old woman,psycho,hitchock,'s direction,great director proves,psycho,masterful way,bernard hermann,'s music,creepy score,vertigo,miklos rozsa,spellbound,high violin motif,shower scene,main reason,blood run cold.other pros,good plot,white cinematography,creepy mood,janet leigh,memorable female performances,hitchcock,vera miles,stellar performance,stealing,antony perkins,norman bates,was,mannerisms ..,hitchcock,bethany cox,,,,,,,,,,,,,,,,,,,,,,,,,,,,,,,,,,,,,,,,,,,,,,,,,,,,,,,,,,,,,,,,,,,,,,,,,,,,
62,bkoganbing's Review of Psycho - IMDb, - Noun Phrases : ,mid eighties,science fiction convention,manhattan,feature attraction,anthony perkins,mr. perkins,norman bates,alfred hitchcock,psycho,trekkies,who,psycho,perkins,sci-fi,trek,cast members,perkins,serious guy,freak show,friendly persuasion,gary cooper,favorite role,norman bates.but,norman bates,career role,anthony perkins,indelible impression,alfred hitchcock,'s direction,shy mother,flea bag motel,new super highway,potential business.psycho,simple plot,janet leigh,impulse embezzles $,bates,motel run,norman,private detective,martin balsam,john gavin,leigh,'s boy friend,vera miles,simple,alfred hitchcock,favorite shot,leigh,'s legendary shower,martin balsam,camera work,balsam,psycho.though anthony perkins,good things,average cinema fan,norman bates,perkins,perkins,,,,,,,,,,,,,,,,,,,,,,,,,,,,,,,,,,,,,,,,,,,,,,,,,,,,,,,,,,,,,,,,,,,,,,
63,Leofwine_draca's Review of Psycho - IMDb, - Noun Phrases : ,psycho,excellent film,year 's,peeping tom,new genre,psychological thrillers,excellent story,reliable schlockmeister,robert bloch,great script adaptation,hitchcock.it,bates,own right,anthony perkins,famous role,perkins,bates,ott,fantasy creations,freddy krueger,jason vorhees.watching,various twists beforehand,action shifts,bates,martin balsam,20th century cinema,humble opinion,,,,,,,,,,,,,,,,,,,,,,,,,,,,,,,,,,,,,,,,,,,,,,,,,,,,,,,,,,,,,,,,,,,,,,,,,,,,,,,,,,,,,,,,,,,,,,,,,,,,,,
64,SnoopyStyle's Review of Psycho - IMDb, - Noun Phrases : ,marion crane,janet leigh,steals $ 40k,stormy night,bates,norman bates,anthony perkins,alfred hitchcock,master salesman,show business,late arrivals,iconic movie scene,leigh,dark side,a-list,super creepy,anthony perkins,prolong creepfest,important scene,tiny problems,great movie,,,,,,,,,,,,,,,,,,,,,,,,,,,,,,,,,,,,,,,,,,,,,,,,,,,,,,,,,,,,,,,,,,,,,,,,,,,,,,,,,,,,,,,,,,,,,,,,,,,,,,,,,,,,
65,Hitchcoc's Review of Psycho - IMDb, - Noun Phrases : ,hitchcock,n't need,actual murder,psycho,janet leigh,great agitation,master taxidermist,anthony perkins,norman bates,nervous tics,analytical surmises,ominous house,poe-like,norman,marion,shower scene,shower drain.5,martin balsam,vertigo,topaz,mother.7,light bulb,norman,great director,,,,,,,,,,,,,,,,,,,,,,,,,,,,,,,,,,,,,,,,,,,,,,,,,,,,,,,,,,,,,,,,,,,,,,,,,,,,,,,,,,,,,,,,,,,,,,,,,,,,,,,,,
66,Irishchatter's Review of Psycho - IMDb, - Noun Phrases : ,marion,gon na,weirdos mother,crazy old hag,top movies,me.what i,marion,crazy psycho mother blocks,weird son,sure,new life,regardless,marion,alfred hitchcock,walt disney,,,,,,,,,,,,,,,,,,,,,,,,,,,,,,,,,,,,,,,,,,,,,,,,,,,,,,,,,,,,,,,,,,,,,,,,,,,,,,,,,,,,,,,,,,,,,,,,,,,,,,,,,,,,,,,,,,
67,FilmCriticLalitRao's Review of Psycho - IMDb, - Noun Phrases : ,stephen rebello,'s book,monsieur françois thomas,cinema,studies section,paris,sorbonne nouvelle,character study,oddball persons.in,hitchcock,guilt trip,man.funny thing,secret love.later,bizarre woman steals,psycho,,,,,,,,,,,,,,,,,,,,,,,,,,,,,,,,,,,,,,,,,,,,,,,,,,,,,,,,,,,,,,,,,,,,,,,,,,,,,,,,,,,,,,,,,,,,,,,,,,,,,,,,,,,,,,,,,,
68,jonasatmosfera's Review of Psycho - IMDb, - Noun Phrases : ,psycho,psycho,compared,psycho,outer space,shower scene,hammer,horror films,psycho.the,whole experience,emperor,new clothes,,,,,,,,,,,,,,,,,,,,,,,,,,,,,,,,,,,,,,,,,,,,,,,,,,,,,,,,,,,,,,,,,,,,,,,,,,,,,,,,,,,,,,,,,,,,,,,,,,,,,,,,,,,,,,,,,,,,,
69,Movieman-133's Review of Psycho - IMDb, - Noun Phrases : ,well,john gavin,vera miles,martin balsam,try,psycho,janet leigh,anne heche,anthony perkins,any,people rave,dry performance,horror film,shower scene,dream sequence,nightmare,elm street sequel,god 's sake,drew barrymore,scream,universal studious,shower sequence,famous scenes,well,piper laurie,depalma,carrie,finale chase,halloween,reactionary emotion,well,psycho,old foggies,old movies,modern movies,old horror films,rosemary,baby,bernard herrmann,ca n't,pino donnagio,lush score,carrie,besides people,type writer,blockbuster video,horror section,drama,suspense category,psycho,psycho,,,,,,,,,,,,,,,,,,,,,,,,,,,,,,,,,,,,,,,,,,,,,,,,,,,,,,,,,,,,,,,,,,,,,,,,,,,,,,
70,noahmed's Review of Seven Samurai - IMDb, - Noun Phrases : ,samurai,film,white film,average movie goer,thats fine,direction,'s age,'s age,main story,such high hopes,great film,'s meaning,,,,,,,,,,,,,,,,,,,,,,,,,,,,,,,,,,,,,,,,,,,,,,,,,,,,,,,,,,,,,,,,,,,,,,,,,,,,,,,,,,,,,,,,,,,,,,,,,,,,,,,,,,,,,,,,,,,,,
71,artkozak's Review of Seven Samurai - IMDb, - Noun Phrases : ,believe,white movies,charlie chaplin,pie,kong,special effects,dinosaurs fight,general texture,sure,wars,aliens,akira,strong knowledge,n't found.i,movie compensates,great movie,sure means,,,,,,,,,,,,,,,,,,,,,,,,,,,,,,,,,,,,,,,,,,,,,,,,,,,,,,,,,,,,,,,,,,,,,,,,,,,,,,,,,,,,,,,,,,,,,,,,,,,,,,,,,,,,,,,,
72,Lebrocq17's Review of Seven Samurai - IMDb, - Noun Phrases : ,horrible mistake,imdb,offer.the film,poor quality,complete loss,top 10.of,wonderful films,top,,,,,,,,,,,,,,,,,,,,,,,,,,,,,,,,,,,,,,,,,,,,,,,,,,,,,,,,,,,,,,,,,,,,,,,,,,,,,,,,,,,,,,,,,,,,,,,,,,,,,,,,,,,,,,,,,,,,,,,,,
73,caesarmoridon's Review of Seven Samurai - IMDb, - Noun Phrases : ,huge fan,martial arts films,fight scenes,lip sinks,kung fu,bruce lee,steven segal,jackie chan,enter,dragon,artsy pieces,pokeman,dragon ball z,ghost,shell,akira,fist,north star,blood sport,ultimate fighting championship,karate kid,martial arts,have,sincerely,ceasarmoridon,,,,,,,,,,,,,,,,,,,,,,,,,,,,,,,,,,,,,,,,,,,,,,,,,,,,,,,,,,,,,,,,,,,,,,,,,,,,,,,,,,,,,,,,,,,,,,,,,,,,,,,,
74,phoobeyfax's Review of Seven Samurai - IMDb, - Noun Phrases : ,magnificent,magnificent,samurai,samurai,universe,am,good movie,foreign films,wings,desire,cousins,cousin,cousine,return,femme nikita,people disagree,subjective .back,samurai,potential viewer,precious time,samurai,puerile glee,honest opinion,english,modern movie making,movie,samurai,magnificent,general idea,video store,,,,,,,,,,,,,,,,,,,,,,,,,,,,,,,,,,,,,,,,,,,,,,,,,,,,,,,,,,,,,,,,,,,,,,,,,,,,,,,,,,,,,,,,,,,,,,,,,,,
75,Hitchcoc's Review of Seven Samurai - IMDb, - Noun Phrases : ,great work,multiple viewings,classic tale,murderous thieves,enter,good guys,good guys,classic plot,comparison ends,kurosawa,action sequences,close ups,massive spectacle,battle scenes,kurosawa,taoshiro mifune,noon,samurai,long time,constant raids,huge fan,,,,,,,,,,,,,,,,,,,,,,,,,,,,,,,,,,,,,,,,,,,,,,,,,,,,,,,,,,,,,,,,,,,,,,,,,,,,,,,,,,,,,,,,,,,,,,,,,,,,,,,,,,,,
76,SnoopyStyle's Review of Seven Samurai - IMDb, - Noun Phrases : ,japan,civil wars,poor village,constant harassment,villager overhears,heroic ronin,kambei,katsushirō,kambei,defense needs,simple characteristics,modern audiences,,,,,,,,,,,,,,,,,,,,,,,,,,,,,,,,,,,,,,,,,,,,,,,,,,,,,,,,,,,,,,,,,,,,,,,,,,,,,,,,,,,,,,,,,,,,,,,,,,,,,,,,,,,,,,,,,,,,,
77,Leofwine_draca's Review of Seven Samurai - IMDb, - Noun Phrases : ,japanese samurai film,akira kurosawa,classic action template,the magnificent seven,the seven magnificent gladiators,hollywood,movies till,be,no-attention-span blockbusters,seven samurai,low budget,kurosawa,crisply-shot action sequences,movie experience,takashi shimura,shimada,chief samurai,outstanding performance,shimada,'s character,toshiro mifune,kikuchiyo,mifune,film whenever,kyuzo,katsushiro.the,countless times,elements,battle tactics,emotional punch,katsushiro,seven samurai,plot elements,appreciating,influential movie,,,,,,,,,,,,,,,,,,,,,,,,,,,,,,,,,,,,,,,,,,,,,,,,,,,,,,,,,,,,,,,,,,,,,,,,,,,,,,,,,,,,,,,,,,,,,,
78,TheLittleSongbird's Review of Seven Samurai - IMDb, - Noun Phrases : ,ran,hidden fortress,throne,blood,samurai,akira kurasawa,'s films,kurasawa,'s films,authentic scenery,term epic,camera work,final battle,multiple camera,precise editing,telephoto lenses,film speeds,kurasawa,fumio hayasaka,thoughtful script,samurai,story unfolds,samurai,plot element,kambei,multiple cameras,various angles,samurai,poignant way,takashi shimura,toshiro mifune,overall,wonderful movies,samurai,ran,samurai,easiest 10/10s,bethany cox,,,,,,,,,,,,,,,,,,,,,,,,,,,,,,,,,,,,,,,,,,,,,,,,,,,,,,,,,,,,,,,,,,,,,,,,,,,,,,,,,,,,,,,,,,,
79,MartinHafer's Review of Seven Samurai - IMDb, - Noun Phrases : ,kurosawa,wonderful films,magnificent,importance ca n't,yojimbo,sanjuro,the bad sleep well,[ 's,it.the film,feudal period,japan,small town,eventually,gang 's demands,simple peasants,ronin,eventually,ronin,evil gang,film concentrates,exciting portion,eventual battle,excellent character study,exciting script,,,,,,,,,,,,,,,,,,,,,,,,,,,,,,,,,,,,,,,,,,,,,,,,,,,,,,,,,,,,,,,,,,,,,,,,,,,,,,,,,,,,,,,,,,,,,,,,,,,,,,,,,
80,ma-cortes's Review of Arsenic and Old Lace - IMDb, - Noun Phrases : ,sensational adaptation,kesselring,'s novel,smash playwright,.this madcap,frenetic comedy,mortimer brewster,gary grant,pricilla,old aunts,kind ladies,josephine hull,jean adair,poison single,old men,panama,nutty tenant,theodore roosevel,john alexander,jonathan,raymond massey,boris karloff-alike,peter lorre,plastic surgeon,frankenstein-alike,police officer,jack carson,james gleason,mortimer.this,black comedies,dark humor,frantic situations,awesome performances,top-notch gary grant,authentic recital,raymond massey,peter lorre,sinister roles,excellent,sweet spinster aunts,hull,adair,broadway,john alexander,insane cousin,furthermore,agreeable secondary role,edward everett horton,mental hospital,julius,philip epstein,casablanca,'s screenwriters-,adequate musical score,classic composer,max steiner,atmospheric cinematography,sol polito,frank kapra,silent comedy,slapstick vein,mack sennett,harry langdon,horrible computer,classic movies buffs,gary grant,,,,,,,,,,,,,,,,,,,,,,,,,,,,,,,,,,,,,,,,,,,,,,,,,,,,,,,,,,,,,,,
81,classicsoncall's Review of Arsenic and Old Lace - IMDb, - Noun Phrases : ,boris karloff,film makers,dick tracy meets gruesome,charlie chan,raymond massey,'s makeup job,pretty credible,fist thing,boris karloff,frank capra,wonderful touch,screwball comedy projects,favorable comparisons,cary grant,gal,bringing up baby,capra,ca,dysfunctional family,disparate cast,'s surreal,comic edge,brewer sisters,josephine hull,jean adair,elderly gents,genuine nonchalance,mortimer brewster,grant,new bride,short shrift,mrs. brewster,priscilla,brewster,even more.even,repeat viewings,zany antics,roosevelt,john alexander,einstein,peter lorre,o'hara,jack carson,cary grant,new turn,amazing,,,,,,,,,,,,,,,,,,,,,,,,,,,,,,,,,,,,,,,,,,,,,,,,,,,,,,,,,,,,,,,,,,,,,,,,,,,,,,,,,,,
82,nogodnomasters's Review of Arsenic and Old Lace - IMDb, - Noun Phrases : ,cary grant,crazy family,jonathan,raymond massey,peter lorre,john alexander,teddy roosevelt,yellow fever victims,delightful comedy,halloween,baseball game,halloween,,,,,,,,,,,,,,,,,,,,,,,,,,,,,,,,,,,,,,,,,,,,,,,,,,,,,,,,,,,,,,,,,,,,,,,,,,,,,,,,,,,,,,,,,,,,,,,,,,,,,,,,,,,,,,,,,,,,,
83,claudio_carvalho's Review of Arsenic and Old Lace - IMDb, - Noun Phrases : ,halloween,drama critic,mortimer brewster,cary grant,door neighbor,elaine harper,priscilla,niagara,mortimer,elaine,brooklyn,mortimer,adorable elderly aunts,abby,josephine hull,martha brewster,jean adair,samaritans,insane brother,teddy,john alexander,theodore roosevelt,panama,mortimer,dead body,window seat,poor men,teddy,yellow fever,mortimer,teddy,happy dale sanatorium,cruel brother,jonathan brewster,raymond massey,boris karloff,alcoholic partner,plastic surgeon dr.,einstein,peter lorre,place transforms,arsenic,lace,hilarious screwball comedy,frank capra,theater play,josephine hull,jean adair,innocent serial-killers,cary grant,insane relatives,brazil,este mundo,é um,hospício,sanatorium,,,,,,,,,,,,,,,,,,,,,,,,,,,,,,,,,,,,,,,,,,,,,,,,,,,,,,,,,,,,,,,,,,,,,,,,,
84,Prismark10's Review of Arsenic and Old Lace - IMDb, - Noun Phrases : ,arsenic,lace,frank capra,dark comedy,theatrical roots,brewster,cary grant,famous drama critic,marriage stance,marriage licence incognito,elaine harper,priscilla,niagara,family home,elderly aunts,homemade wine,old men,delusional uncle,teddy roosevelt,jonathan brewster,raymond massey,dr einstein,peter lorre,jonathan,plastic surgery,boris karloff,him.mortimer fears,new bride 's safety,flatfoot calls,brewsters.the,times frenetic,cary grant,lorre,massey,honourable failure,,,,,,,,,,,,,,,,,,,,,,,,,,,,,,,,,,,,,,,,,,,,,,,,,,,,,,,,,,,,,,,,,,,,,,,,,,,,,,,,,,,,,,,,,,,,,,
85,mark.waltz's Review of Arsenic and Old Lace - IMDb, - Noun Phrases : ,lovelier way,elderberry wine,sweet sisters,josephine hull,jean adair,old men,sad thing,family discovers,'s motive,nancy,cary grant,brutal murders,priscilla,lovely girl,macadamia 's,old lace,large house,teddy roosevelt,psychopathic killer,john alexander,africa,sinister gloom arrives,raymond massey,long forgotten,brewster,strange little friend,peter lorre,old home,elderberry wine making,pie cooking.a,huge cast,funny characters players,broadway,hull,adair,massey,jonathan brewster,psycho brother,boris karloff,jonathan,karloff,tv version,grant,nervous brother,hull,adair,lorre,edward everett horton,jack carson,james gleason,grant mitchell,funny performances,stage origins,frank capra,non topical,photography defy description,original play,,,,,,,,,,,,,,,,,,,,,,,,,,,,,,,,,,,,,,,,,,,,,,,,,,,,,,,,,,,,,,,,,,,,,,,,
86,SnoopyStyle's Review of Arsenic and Old Lace - IMDb, - Noun Phrases : ,mortimer brewster,cary grant,drama critic,anti-marriage books,marries neighbor,elaine harper,priscilla,elderly aunts,josephine hull,jean adair,old ladies,altruistic act,crazy serial killers,ca n't,brother jonathan brewster,raymond massey,new face,plastic surgeon dr.,herman einstein,peter lorre,crazy serial killer,well.it 's,broad black comedy,cary grant,priscilla,dark turn,horror movie,cary grant,slapstick comedy,dark character thrown,,,,,,,,,,,,,,,,,,,,,,,,,,,,,,,,,,,,,,,,,,,,,,,,,,,,,,,,,,,,,,,,,,,,,,,,,,,,,,,,,,,,,,,,,,,,,,,,,,,
87,bkoganbing's Review of Arsenic and Old Lace - IMDb, - Noun Phrases : ,frank capra,'s autobiography,arsenic,lace,lace,broadway,howard lindsay,russell crouse,film rights,warner,capra,jack warner,production values,years,columbia,brewster,big percentage,name star,box office,cary grant,actual attack,pearl,broadway,troops overseas,hollywood,domestic market,capra,great triumph,jean adair,josephine hull,brewster,john alexander,theodore roosevelt,brewster,broadway,capra,cary grant,film career,arsenic,lace,perpetual motion,mortimer brewster,theater critic,old spinster aunts,old men,teddy roosevelt,homicidal maniac,family tree,grant,'s performance,facial expressions,whole family,aunt 's deeds,raymond massey,homicidal brother,peter lorre,jack carson,dense police officer,arsenic,lace,funny bone,roosevelt,white house,,,,,,,,,,,,,,,,,,,,,,,,,,,,,,,,,,,,,,,,,,,,,,,,,,,,,,,,,,,,,,,,,,
88,TheLittleSongbird's Review of Arsenic and Old Lace - IMDb, - Noun Phrases : ,frank capra,capra,arsenic,lace,max steiner,'s score,cary grant,peter lorre,raymond massey,jack carson,priscilla,overall,wonderful comedy,bethany cox,,,,,,,,,,,,,,,,,,,,,,,,,,,,,,,,,,,,,,,,,,,,,,,,,,,,,,,,,,,,,,,,,,,,,,,,,,,,,,,,,,,,,,,,,,,,,,,,,,,,,,,,,,,,,,,,,,,
89,MartinHafer's Review of Arsenic and Old Lace - IMDb, - Noun Phrases : ,screwiest comedy,big name,age,hollywood,cary grant,mortimer brewster,entire movie,harvey,bringing up baby,cary grant,his girl,bringing up baby,wonderful touch,light comedy,mortimer,priscilla,honeymooning,niagra,mortimer,old aunts,very,very,mortimer,dead body,window seat,mortimer,window seat,niagra,why,heart attack,old men,great kindness,elderberry,toxic cocktail,uncle teddy,teddy roosevelt,panama,funniest moments,cary grant,jonathan brewster,black sheep,.the movie,broadway,'s writer,film 's release,funniest lines,jonathan brewster,boris karloff,is,jonathan,,,,,,,,,,,,,,,,,,,,,,,,,,,,,,,,,,,,,,,,,,,,,,,,,,,,,,,,,,,,,,,,,,,,,,,,,,,,,,,
90,TheLittleSongbird's Review of Citizen Kane - IMDb, - Noun Phrases : ,film 's reputation,visual drama,citizen kane,bernard hermann,'s score,orson welles,magnificent performance,charles foster kane,citizen kane,imdb,sheer admiration,great film,bethany cox,,,,,,,,,,,,,,,,,,,,,,,,,,,,,,,,,,,,,,,,,,,,,,,,,,,,,,,,,,,,,,,,,,,,,,,,,,,,,,,,,,,,,,,,,,,,,,,,,,,,,,,,,,,,,,,,,,,,
91,bkoganbing's Review of Citizen Kane - IMDb, - Noun Phrases : ,citizen kane,previous comments,own thoughts,own way.i 've,real reason,william randolph hearst,orson welles,'s masterpiece,own soul,citizen kane,obvious target,welles,'s depiction,marion davies,susan alexander,gold digger,welles,davies,dorothy comingore,'s performance,welles,charles foster kane,key line,citizen kane,joseph cotten,charlie kane,serious biographers,hearst,kane,oscar,original screenplay,welles,herman mankiewicz,original,execution.the role,welles,mankiewicz,welles,welles,film actor,citizen kane,title character,welles,welles,kane,rich frat boy,incorrigible scamp,george couloris,j.p. morgan,business manager,everette sloane,real friend,joseph cotten,dorothy comingore,paul stewart,welles,kanes,other.the names,welles,mercury,theater company,substantial movie careers,ray collins,agnes moorehead,ruth warrick,erskine sanford,screen.the film,kane,'s death,single word 'rosebud,final moments,charles foster kane,inner soul,,,,,,,,,,,,,,,,,,,,,,,,,,,,,,,,,,,,,,,,,,,,,,,,,,,,,,,,
92,Leofwine_draca's Review of Citizen Kane - IMDb, - Noun Phrases : ,citizen kane,bad film,mystery angle,viewer 's interest,.it 's,common problem,citizen kane,one-time reputation,extra meaning,welles,central part,joseph cotten,female characters,hitchcock,,,,,,,,,,,,,,,,,,,,,,,,,,,,,,,,,,,,,,,,,,,,,,,,,,,,,,,,,,,,,,,,,,,,,,,,,,,,,,,,,,,,,,,,,,,,,,,,,,,,,,,,,,,,,,,,,,,
93,SnoopyStyle's Review of Citizen Kane - IMDb, - Noun Phrases : ,newspaper,charles foster kane,orson welles,palatial estate,rosebud,obituary newsreel,susan alexander kane,dorothy comingore,kane,'s dance hall girl,walter parks thatcher,kane,'s childhood,jedediah leland,joseph cotten,newspaper business,emily monroe norton kane,ruth warrick,car crash,superior movie,newspaper mogul,william randolph hearst,hand recollections,highlight reel,,,,,,,,,,,,,,,,,,,,,,,,,,,,,,,,,,,,,,,,,,,,,,,,,,,,,,,,,,,,,,,,,,,,,,,,,,,,,,,,,,,,,,,,,,,,,,,,,,,,,,,,,
94,Hitchcoc's Review of Citizen Kane - IMDb, - Noun Phrases : ,personal comment,modest consensus,influential projects,orson welles,film knowledge,kane,william randolph hearst,oppressive cloud,loneliness descend,wealth versus happiness,white cinematography,full palette,new student union,nice little theater,vcr,football players,vcr,anyway,football players,well,great film,average film-goers,pretentious films,attack,crab monsters,film snob,great movie,,,,,,,,,,,,,,,,,,,,,,,,,,,,,,,,,,,,,,,,,,,,,,,,,,,,,,,,,,,,,,,,,,,,,,,,,,,,,,,,,,,,,,,,,,,,,,,,,,,,,,
95,kosmasp's Review of Citizen Kane - IMDb, - Noun Phrases : ,aware movie,window ...,different shots,wo n't,especially,different techniques,complete control,orson welles,time movie director,welles,main characters,technical achievement,especially,rosebud,welles,,,,,,,,,,,,,,,,,,,,,,,,,,,,,,,,,,,,,,,,,,,,,,,,,,,,,,,,,,,,,,,,,,,,,,,,,,,,,,,,,,,,,,,,,,,,,,,,,,,,,,,,,,,,,,,,,,
96,heisenberg12's Review of Citizen Kane - IMDb, - Noun Phrases : ,recent years,citizen kane,films,all-time,bold claim,bold claims,realistic preliminary mindset,horrible editing,voice overs,current time scenes,old movie fan,wonderful,casablanca,old classic film,poor effects,camera work,recent decades,citizen kane,all- time,n't stand,poor quality,awful,,,,,,,,,,,,,,,,,,,,,,,,,,,,,,,,,,,,,,,,,,,,,,,,,,,,,,,,,,,,,,,,,,,,,,,,,,,,,,,,,,,,,,,,,,,,,,,,,,,,,,,,,,,
97,imdb-19548's Review of Citizen Kane - IMDb, - Noun Phrases : ,legendary status,welles,lead role,comingore,'s style,newsreel style,'s day,'s age.there,whole thing,real enjoyment,,,,,,,,,,,,,,,,,,,,,,,,,,,,,,,,,,,,,,,,,,,,,,,,,,,,,,,,,,,,,,,,,,,,,,,,,,,,,,,,,,,,,,,,,,,,,,,,,,,,,,,,,,,,,,,,,,,,,,,
98,alirezazamani-73059's Review of Citizen Kane - IMDb, - Noun Phrases : ,good thing,camera 's angles,perfect ...,good coherence,,,,,,,,,,,,,,,,,,,,,,,,,,,,,,,,,,,,,,,,,,,,,,,,,,,,,,,,,,,,,,,,,,,,,,,,,,,,,,,,,,,,,,,,,,,,,,,,,,,,,,,,,,,,,,,,,,,,,,,,,,,,,
99,CarmaChan's Review of Citizen Kane - IMDb, - Noun Phrases : ,casablanca.it,top 100.it,n't care,n't stand,casablanca,n't care,,,,,,,,,,,,,,,,,,,,,,,,,,,,,,,,,,,,,,,,,,,,,,,,,,,,,,,,,,,,,,,,,,,,,,,,,,,,,,,,,,,,,,,,,,,,,,,,,,,,,,,,,,,,,,,,,,,,,,,,,,,
